City_ID,City,Country,Date,Lat,Lng,Max Temp,Humidity,Cloudiness,Wind Speed
0,Tasiilaq,GL,2022-02-13 14:49:13,65.6145,-37.6368,19.56,70,100,4.23
1,Sao Joao Da Barra,BR,2022-02-13 14:45:37,-21.6403,-41.0511,82.49,77,54,5.06
2,Cairns,AU,2022-02-13 14:48:52,-16.9167,145.7667,76.95,78,100,10.36
3,Bambous Virieux,MU,2022-02-13 14:49:25,-20.3428,57.7575,82.65,78,40,6.91
4,Saint-Philippe,RE,2022-02-13 14:49:26,-21.3585,55.7679,81.99,86,56,8.93
5,Yellowknife,CA,2022-02-13 14:49:26,62.456,-114.3525,-24.59,75,40,3.44
6,Severo-Kurilsk,RU,2022-02-13 14:49:26,50.6789,156.125,21.58,72,25,8.88
7,Orillia,CA,2022-02-13 14:48:00,44.6087,-79.4207,1.33,76,48,6.91
8,Chippenham,GB,2022-02-13 14:49:27,51.46,-2.1247,51.33,93,100,26.26
9,Rikitea,PF,2022-02-13 14:49:27,-23.1203,-134.9692,78.37,70,6,11.59
10,Sao Filipe,CV,2022-02-13 14:49:27,14.8961,-24.4956,77.18,54,25,15.61
11,Cape Town,ZA,2022-02-13 14:48:05,-33.9258,18.4232,77.88,62,20,28.77
12,Auki,SB,2022-02-13 14:49:28,-8.7676,160.7034,76.93,87,68,3.83
13,Clyde River,CA,2022-02-13 14:49:28,70.4692,-68.5914,-23.57,69,75,12.66
14,Bredasdorp,ZA,2022-02-13 14:49:29,-34.5322,20.0403,77.29,64,3,12.66
15,Ushuaia,AR,2022-02-13 14:49:29,-54.8,-68.3,55.06,44,40,31.07
16,Honiara,SB,2022-02-13 14:44:30,-9.4333,159.95,78.55,86,98,3.0
17,New Norfolk,AU,2022-02-13 14:47:57,-42.7826,147.0587,63.72,49,82,2.89
18,Victoria,HK,2022-02-13 14:46:00,22.2855,114.1577,63.25,86,100,11.99
19,Sitka,US,2022-02-13 14:49:29,57.0531,-135.33,35.49,80,75,4.61
20,Butaritari,KI,2022-02-13 14:49:30,3.0707,172.7902,82.42,70,94,11.16
21,Keti Bandar,PK,2022-02-13 14:49:30,24.1447,67.4497,71.29,56,0,10.0
22,Buala,SB,2022-02-13 14:49:30,-8.145,159.5921,79.34,80,93,2.26
23,Port Elizabeth,ZA,2022-02-13 14:49:31,-33.918,25.5701,71.89,83,100,18.41
24,Namatanai,PG,2022-02-13 14:49:31,-3.6667,152.4333,79.47,80,100,3.94
25,Khani,GE,2022-02-13 14:49:31,41.9563,42.9566,35.17,99,100,1.72
26,Kattivakkam,IN,2022-02-13 14:49:32,13.2167,80.3167,81.07,74,32,9.51
27,Albany,US,2022-02-13 14:44:40,42.6001,-73.9662,26.51,65,100,1.01
28,Husavik,IS,2022-02-13 14:49:32,66.0449,-17.3389,4.91,83,16,15.35
29,Karpathos,GR,2022-02-13 14:49:33,35.507,27.2132,58.96,67,40,24.16
30,Hobart,AU,2022-02-13 14:44:53,-42.8794,147.3294,64.06,70,63,5.75
31,Punta Arenas,CL,2022-02-13 14:49:33,-53.15,-70.9167,51.91,50,40,54.09
32,Jamestown,US,2022-02-13 14:49:33,42.097,-79.2353,17.53,61,100,4.61
33,Stende,LV,2022-02-13 14:49:34,57.15,22.5333,36.34,75,100,15.01
34,Macapa,BR,2022-02-13 14:45:45,0.0389,-51.0664,87.78,70,75,10.36
35,Maniitsoq,GL,2022-02-13 14:49:34,65.4167,-52.9,16.97,94,100,16.44
36,Hermanus,ZA,2022-02-13 14:49:34,-34.4187,19.2345,77.81,72,5,14.76
37,Strezhevoy,RU,2022-02-13 14:49:35,60.7333,77.5889,-5.03,95,85,9.19
38,Busselton,AU,2022-02-13 14:48:56,-33.65,115.3333,69.08,66,6,15.68
39,Mataura,NZ,2022-02-13 14:49:35,-46.1927,168.8643,46.47,99,31,2.1
40,Saskylakh,RU,2022-02-13 14:48:10,71.9167,114.0833,-14.67,84,30,3.87
41,Batagay,RU,2022-02-13 14:49:36,67.6333,134.6333,-17.03,94,99,2.84
42,Kavieng,PG,2022-02-13 14:49:36,-2.5744,150.7967,80.87,78,100,5.75
43,Hasanabad,IR,2022-02-13 14:49:36,36.5465,61.0543,53.82,58,0,0.0
44,Baykit,RU,2022-02-13 14:49:37,61.67,96.37,-13.31,100,80,3.49
45,Muli,MV,2022-02-13 14:49:37,2.9167,73.5667,82.18,76,97,13.62
46,Mayahi,NE,2022-02-13 14:50:42,13.9553,7.6712,90.9,6,84,8.08
47,Mahibadhoo,MV,2022-02-13 14:50:43,3.7833,72.9667,81.77,73,100,8.12
48,Coquimbo,CL,2022-02-13 14:46:22,-29.9533,-71.3436,65.93,72,75,3.44
49,Upernavik,GL,2022-02-13 14:50:43,72.7868,-56.1549,-2.78,95,100,10.25
50,Sechenovo,RU,2022-02-13 14:50:43,55.2244,45.8906,26.53,85,100,10.42
51,Medea,DZ,2022-02-13 14:50:44,36.2642,2.7539,52.25,49,52,7.94
52,Kahului,US,2022-02-13 14:50:17,20.8947,-156.47,71.62,85,75,6.91
53,Susanville,US,2022-02-13 14:50:44,40.4163,-120.653,26.44,93,0,3.44
54,Port Macquarie,AU,2022-02-13 14:50:45,-31.4333,152.9167,63.9,76,64,6.49
55,Padang,ID,2022-02-13 14:50:45,-0.9492,100.3543,78.67,82,98,2.53
56,Hilo,US,2022-02-13 14:50:45,19.7297,-155.09,67.24,93,75,6.91
57,Kabul,AF,2022-02-13 14:47:31,34.5,69.4167,35.62,59,100,4.56
58,Hithadhoo,MV,2022-02-13 14:50:46,-0.6,73.0833,82.38,75,100,11.34
59,Leningradskiy,RU,2022-02-13 14:50:46,69.3833,178.4167,-18.53,96,96,5.48
60,Tuktoyaktuk,CA,2022-02-13 14:50:46,69.4541,-133.0374,-34.6,67,0,5.75
61,Narsaq,GL,2022-02-13 14:50:47,60.9167,-46.05,24.71,94,100,11.05
62,Bulaevo,KZ,2022-02-13 14:50:47,54.9056,70.4439,-3.75,100,84,6.73
63,Kodiak,US,2022-02-13 14:50:47,57.79,-152.4072,29.71,86,0,5.75
64,Traverse City,US,2022-02-13 14:50:48,44.7631,-85.6206,10.62,59,75,5.01
65,Calama,CL,2022-02-13 14:47:23,-22.4667,-68.9333,63.09,25,0,4.61
66,Atuona,PF,2022-02-13 14:50:48,-9.8,-139.0333,77.45,77,26,12.93
67,Vaini,TO,2022-02-13 14:48:23,-21.2,-175.2,78.96,89,20,6.91
68,Khatanga,RU,2022-02-13 14:50:49,71.9667,102.5,-24.5,93,89,2.33
69,Port Alfred,ZA,2022-02-13 14:50:49,-33.5906,26.891,76.33,74,87,12.37
70,Mar Del Plata,AR,2022-02-13 14:48:28,-38.0023,-57.5575,65.88,71,75,11.99
71,Avarua,CK,2022-02-13 14:50:50,-21.2078,-159.775,73.45,100,100,1.14
72,Puerto Ayora,EC,2022-02-13 14:50:50,-0.7393,-90.3518,78.76,87,100,1.01
73,Niquero,CU,2022-02-13 14:50:50,20.0431,-77.5828,80.82,65,5,5.5
74,Chapais,CA,2022-02-13 14:47:45,49.7834,-74.8492,-27.62,90,94,3.11
75,Isiro,CD,2022-02-13 14:50:51,2.7739,27.616,96.1,18,61,3.62
76,High Level,CA,2022-02-13 14:50:51,58.5169,-117.136,-2.09,84,0,11.5
77,Jinchang,CN,2022-02-13 14:50:51,38.4953,102.1739,23.97,78,87,6.62
78,Sterling,US,2022-02-13 14:46:19,39.0062,-77.4286,33.69,91,100,13.0
79,Dubrovytsya,UA,2022-02-13 14:50:52,51.5744,26.565,33.71,66,78,9.01
80,Kuandian,CN,2022-02-13 14:50:52,40.7286,124.7847,25.86,56,100,2.89
81,Airai,TL,2022-02-13 14:47:52,-8.9266,125.4092,60.01,91,99,2.33
82,Faya,SA,2022-02-13 14:50:53,18.3851,42.4509,66.31,55,14,6.89
83,Cabo San Lucas,MX,2022-02-13 14:50:53,22.8909,-109.9124,68.5,58,100,1.61
84,Kapaa,US,2022-02-13 14:50:53,22.0752,-159.319,71.92,84,40,14.97
85,Sao Felix Do Xingu,BR,2022-02-13 14:47:55,-6.6447,-51.995,79.0,75,100,2.55
86,Saint-Georges,GD,2022-02-13 14:50:54,12.0564,-61.7485,83.88,61,20,24.16
87,Nanortalik,GL,2022-02-13 14:48:37,60.1432,-45.2371,28.76,80,100,13.29
88,Ulaanbaatar,MN,2022-02-13 14:48:38,47.9077,106.8832,-21.87,69,0,4.47
89,Huayang,CN,2022-02-13 14:51:59,34.4155,109.9939,29.3,73,35,4.0
90,Port Blair,IN,2022-02-13 14:51:01,11.6667,92.75,78.84,69,40,4.61
91,Cariati,IT,2022-02-13 14:52:00,39.4922,16.9594,61.27,65,28,4.34
92,Ludvika,SE,2022-02-13 14:52:00,60.1496,15.1878,39.33,90,100,15.82
93,Ossora,RU,2022-02-13 14:52:00,59.2353,163.0719,-9.76,83,58,8.08
94,Rawson,AR,2022-02-13 14:52:01,-43.3002,-65.1023,83.37,23,15,14.2
95,Baijiantan,CN,2022-02-13 14:52:01,45.6333,85.1833,12.29,92,92,5.88
96,Kashi,CN,2022-02-13 14:52:01,39.4547,75.9797,40.21,28,0,6.71
97,Tambura,SS,2022-02-13 14:52:02,5.6,27.4667,97.97,15,77,7.92
98,Bilibino,RU,2022-02-13 14:52:02,68.0546,166.4372,-32.28,100,95,2.17
99,Barrow,US,2022-02-13 14:52:02,71.2906,-156.7887,-29.18,100,0,9.22
100,Kailua,US,2022-02-13 14:52:02,21.4022,-157.7394,73.38,80,20,14.97
101,Guerrero Negro,MX,2022-02-13 14:52:03,27.9769,-114.0611,63.19,47,95,1.48
102,Lebu,CL,2022-02-13 14:52:03,-37.6167,-73.65,65.71,69,93,8.16
103,Lunsar,SL,2022-02-13 14:52:04,8.6833,-12.5333,99.9,19,43,4.29
104,Yerbogachen,RU,2022-02-13 14:52:04,61.2767,108.0108,-26.72,100,83,3.56
105,Vostok,RU,2022-02-13 14:52:04,46.4856,135.8833,-0.4,100,100,1.79
106,Mahebourg,MU,2022-02-13 14:52:04,-20.4081,57.7,82.69,78,40,6.91
107,Nikolskoye,RU,2022-02-13 14:52:05,59.7035,30.7861,34.88,87,100,12.46
108,Zonguldak,TR,2022-02-13 14:50:43,41.25,31.8333,40.42,88,100,3.02
109,Masakin,TN,2022-02-13 14:52:05,35.7292,10.5808,64.6,55,40,9.22
110,Malakal,SS,2022-02-13 14:52:06,9.5334,31.6605,95.49,13,69,9.35
111,Bluff,NZ,2022-02-13 14:52:06,-46.6,168.3333,46.8,85,19,4.43
112,San Juan,AR,2022-02-13 14:51:30,-31.5375,-68.5364,77.54,32,0,4.14
113,Longyearbyen,SJ,2022-02-13 14:52:06,78.2186,15.6401,13.84,85,75,4.61
114,Pandan,PH,2022-02-13 14:52:07,14.0453,124.1694,77.65,80,70,12.33
115,Shache,CN,2022-02-13 14:52:07,38.4167,77.2406,39.67,35,0,7.76
116,Praia Da Vitoria,PT,2022-02-13 14:52:07,38.7333,-27.0667,61.75,77,75,8.05
117,Kaitangata,NZ,2022-02-13 14:52:07,-46.2817,169.8464,52.93,86,34,3.78
118,Martapura,ID,2022-02-13 14:52:08,-3.4167,114.85,78.89,83,100,3.44
119,Camacha,PT,2022-02-13 14:52:08,33.0833,-16.3333,63.82,59,40,12.66
120,Pevek,RU,2022-02-13 14:52:08,69.7008,170.3133,-18.11,98,100,8.59
121,Thompson,CA,2022-02-13 14:47:50,55.7435,-97.8558,-12.84,84,100,2.3
122,Lagoa,PT,2022-02-13 14:52:09,39.05,-27.9833,57.85,64,98,8.57
123,Tatarskaya Kargala,RU,2022-02-13 14:52:09,51.9495,55.1731,23.05,94,59,6.69
124,Laguna,US,2022-02-13 14:52:09,38.421,-121.4238,62.42,90,0,3.44
125,Goma,CD,2022-02-13 14:52:10,-1.6792,29.2228,71.4,73,84,1.03
126,Mount Gambier,AU,2022-02-13 14:52:10,-37.8333,140.7667,64.31,82,100,8.05
127,Pisco,PE,2022-02-13 14:52:11,-13.7,-76.2167,71.65,68,0,10.36
128,Ahipara,NZ,2022-02-13 14:52:11,-35.1667,173.1667,62.29,69,8,8.41
129,Brownwood,US,2022-02-13 14:47:43,31.7093,-98.9912,42.55,74,0,0.0
130,Chuy,UY,2022-02-13 14:52:12,-33.6971,-53.4616,71.47,40,0,14.54
131,Dingle,PH,2022-02-13 14:52:12,10.9995,122.6711,75.51,90,100,7.31
132,Caohai,CN,2022-02-13 14:52:12,26.8661,104.2841,33.51,88,2,2.53
133,Rochegda,RU,2022-02-13 14:52:12,62.8,43.25,6.44,98,12,3.38
134,Caconda,AO,2022-02-13 14:52:13,-13.7333,15.0667,75.65,44,100,7.78
135,Warrington,GB,2022-02-13 14:52:13,53.3925,-2.5802,50.86,88,100,20.71
136,Ixtapa,MX,2022-02-13 14:53:18,20.7,-105.2,69.22,77,91,2.19
137,Jacqueville,CI,2022-02-13 14:53:19,5.2052,-4.4146,80.51,73,54,11.7
138,Verkhnyaya Inta,RU,2022-02-13 14:53:19,65.9811,60.3094,6.78,82,99,8.41
139,Teknaf,BD,2022-02-13 14:53:20,20.8624,92.3058,64.67,63,3,8.55
140,Fortuna,US,2022-02-13 14:50:15,40.5982,-124.1573,47.32,81,0,11.5
141,Awjilah,LY,2022-02-13 14:53:20,29.1081,21.2869,62.92,34,91,9.17
142,Nakamura,JP,2022-02-13 14:53:20,32.9833,132.9333,45.07,94,100,2.98
143,Isla Mujeres,MX,2022-02-13 14:53:21,21.2311,-86.731,73.45,85,23,16.8
144,Estancia,BR,2022-02-13 14:53:21,-11.2683,-37.4383,89.08,45,100,7.52
145,Sikonge,TZ,2022-02-13 14:53:21,-5.6333,32.7667,82.49,70,40,3.96
146,East London,ZA,2022-02-13 14:49:57,-33.0153,27.9116,77.94,78,20,13.8
147,Winnemucca,US,2022-02-13 14:53:22,40.973,-117.7357,40.5,43,0,3.2
148,Alexandria,EG,2022-02-13 14:49:29,31.2156,29.9553,63.14,59,40,8.05
149,Labuhan,ID,2022-02-13 14:53:22,-6.8844,112.2051,78.1,85,100,1.97
150,Krasnoselkup,RU,2022-02-13 14:53:23,65.7,82.4667,-2.07,89,6,13.24
151,Kendrapara,IN,2022-02-13 14:53:23,20.5042,86.416,70.21,48,4,5.66
152,Hamilton,US,2022-02-13 14:49:31,39.1834,-84.5333,21.61,67,100,8.05
153,Lethem,GY,2022-02-13 14:53:23,3.3803,-59.7968,89.56,48,62,11.97
154,Cidreira,BR,2022-02-13 14:53:24,-30.1811,-50.2056,77.88,73,80,9.44
155,Ozinki,RU,2022-02-13 14:53:24,51.1786,49.6769,18.09,90,17,15.52
156,Constitucion,CL,2022-02-13 14:53:24,-35.3333,-72.4167,67.69,71,5,11.03
157,Areosa,PT,2022-02-13 14:53:25,41.7178,-8.8571,57.33,93,100,16.82
158,Katherine,AU,2022-02-13 14:53:25,-14.4667,132.2667,79.12,83,52,3.44
159,Liverpool,GB,2022-02-13 14:53:25,53.4106,-2.9779,50.68,90,100,20.71
160,Ivanivka,UA,2022-02-13 14:53:26,46.7208,34.553,37.94,40,0,5.5
161,Hofn,IS,2022-02-13 14:53:26,64.2539,-15.2082,17.62,62,0,8.05
162,Torbay,CA,2022-02-13 14:49:59,47.6666,-52.7314,44.89,83,99,11.01
163,Olafsvik,IS,2022-02-13 14:53:26,64.8945,-23.7142,26.78,65,72,4.9
164,Quimper,FR,2022-02-13 14:53:27,48.0,-4.1,54.61,93,100,19.57
165,Bathsheba,BB,2022-02-13 14:53:27,13.2167,-59.5167,83.01,57,20,25.32
166,Dunedin,NZ,2022-02-13 14:53:27,-45.8742,170.5036,54.81,84,68,3.0
167,Wuda,CN,2022-02-13 14:53:28,39.4994,106.7117,14.02,67,12,0.87
168,Seymchan,RU,2022-02-13 14:53:28,62.8833,152.4333,-41.49,100,80,0.4
169,Jau,BR,2022-02-13 14:53:28,-22.2964,-48.5578,82.92,72,86,1.63
170,Krompachy,SK,2022-02-13 14:53:29,48.9145,20.8751,41.99,69,2,5.32
171,Iskateley,RU,2022-02-13 14:53:29,67.6803,53.1512,3.54,97,88,8.9
172,Ponta Do Sol,PT,2022-02-13 14:53:29,32.6667,-17.1,67.71,68,50,5.12
173,Laramie,US,2022-02-13 14:53:30,41.3114,-105.5911,33.17,60,12,10.0
174,Anadyr,RU,2022-02-13 14:53:30,64.75,177.4833,-26.9,75,0,11.18
175,Samarai,PG,2022-02-13 14:53:31,-10.6167,150.6667,80.01,76,20,6.29
176,Moen,NO,2022-02-13 14:53:31,69.1304,18.6123,23.45,85,75,0.0
177,Lorengau,PG,2022-02-13 14:53:31,-2.0226,147.2712,80.92,78,99,2.84
178,Pueblo,US,2022-02-13 14:52:55,38.2545,-104.6091,39.78,84,4,3.2
179,Marsa Matruh,EG,2022-02-13 14:53:58,31.3525,27.2453,62.8,48,20,11.5
180,Abnub,EG,2022-02-13 14:54:37,27.2696,31.1511,71.82,20,0,10.63
181,Itaberai,BR,2022-02-13 14:54:37,-16.0203,-49.8103,74.64,87,79,8.23
182,Sorland,NO,2022-02-13 14:54:37,67.667,12.6934,32.85,60,100,29.66
183,Mamallapuram,IN,2022-02-13 14:54:38,12.6264,80.1722,81.05,74,21,11.54
184,Margate,GB,2022-02-13 14:54:38,51.3813,1.3862,48.06,70,100,11.99
185,Vardo,NO,2022-02-13 14:54:38,70.3705,31.1107,22.64,74,100,16.11
186,Maltahohe,NA,2022-02-13 14:54:39,-24.8333,16.9833,83.46,34,100,4.7
187,Gotsu,JP,2022-02-13 14:54:39,35.0,132.2167,42.64,79,100,9.28
188,Quelimane,MZ,2022-02-13 14:54:39,-17.8786,36.8883,80.55,88,75,9.22
189,Kamenka,RU,2022-02-13 14:54:40,51.3223,42.7678,21.45,93,36,9.93
190,Dudinka,RU,2022-02-13 14:54:40,69.4058,86.1778,-4.77,78,10,11.32
191,Bowen,AU,2022-02-13 14:54:40,-20.0167,148.2333,73.62,77,19,17.02
192,Touros,BR,2022-02-13 14:49:46,-5.1989,-35.4608,86.9,62,16,11.83
193,Huilong,CN,2022-02-13 14:52:50,31.8111,121.655,45.03,81,100,8.43
194,Acarau,BR,2022-02-13 14:54:41,-2.8856,-40.12,86.16,63,89,14.97
195,Krasnyy Kut,RU,2022-02-13 14:54:41,50.95,46.9667,19.9,91,7,11.59
196,Ishigaki,JP,2022-02-13 14:54:41,24.3448,124.1572,67.64,86,100,29.75
197,Hambantota,LK,2022-02-13 14:54:42,6.1241,81.1185,79.14,89,40,5.75
198,Dikson,RU,2022-02-13 14:54:42,73.5069,80.5464,-3.55,87,100,26.91
199,Fuengirola,ES,2022-02-13 14:54:42,36.54,-4.6247,63.28,82,40,6.91
200,Miraflores,MX,2022-02-13 14:54:43,19.2167,-98.8083,57.87,70,91,4.63
201,Ambovombe,MG,2022-02-13 14:54:43,-25.1667,46.0833,78.31,83,10,19.71
202,Ilulissat,GL,2022-02-13 14:54:23,69.2167,-51.1,10.27,88,100,8.16
203,Saint-Gaudens,FR,2022-02-13 14:54:43,43.0833,0.6667,62.33,53,37,6.82
204,Fort Saint James,CA,2022-02-13 14:54:44,54.4333,-124.25,25.21,98,100,1.25
205,Koumac,NC,2022-02-13 14:54:44,-20.5667,164.2833,78.76,83,100,3.98
206,Namibe,AO,2022-02-13 14:54:44,-15.1961,12.1522,79.23,65,100,10.29
207,Gummidipundi,IN,2022-02-13 14:54:45,13.4,80.15,80.98,77,24,7.76
208,Kangaatsiaq,GL,2022-02-13 14:54:45,68.3065,-53.4641,7.47,91,100,13.73
209,Itoman,JP,2022-02-13 14:54:45,26.1247,127.6694,66.22,94,100,11.5
210,Faanui,PF,2022-02-13 14:54:46,-16.4833,-151.75,81.05,73,100,12.97
211,Yarada,IN,2022-02-13 14:54:46,17.65,83.2667,75.52,60,20,3.44
212,Gondar,ET,2022-02-13 14:54:46,12.6,37.4667,73.96,23,90,12.91
213,Bairiki,KI,2022-02-13 14:54:47,1.3292,172.9752,80.6,78,40,3.44
214,Smithers,CA,2022-02-13 14:54:47,54.7804,-127.1743,25.12,93,75,0.0
215,Esperance,AU,2022-02-13 14:54:47,-33.8667,121.9,62.44,69,0,15.66
216,Mutare,ZW,2022-02-13 14:54:48,-18.9707,32.6709,76.66,59,43,5.79
217,Umm Kaddadah,SD,2022-02-13 14:54:48,13.6017,26.6876,84.43,7,8,19.37
218,Latung,PH,2022-02-13 14:54:48,5.5,120.8833,81.84,75,100,6.89
219,Bethel,US,2022-02-13 14:54:49,41.3712,-73.414,31.59,82,100,6.91
220,Xunchang,CN,2022-02-13 14:54:49,28.4543,104.715,50.18,76,0,3.69
221,Sampit,ID,2022-02-13 14:54:49,-2.5333,112.95,75.4,93,99,1.79
222,Springbok,ZA,2022-02-13 14:54:50,-29.6643,17.8865,85.66,30,56,18.01
223,Buinsk,RU,2022-02-13 14:54:50,54.95,48.2833,26.49,95,97,8.32
224,Nome,US,2022-02-13 14:54:50,64.5011,-165.4064,-14.89,75,4,5.21
225,Pangnirtung,CA,2022-02-13 14:55:56,66.1451,-65.7125,-22.0,76,20,4.61
226,Port Keats,AU,2022-02-13 14:55:56,-14.25,129.55,76.17,84,97,8.55
227,Mweka,CD,2022-02-13 14:55:56,-4.85,21.5667,73.33,86,100,2.68
228,Aksu,CN,2022-02-13 14:55:57,41.1231,80.2644,32.02,38,10,3.91
229,Mawlaik,MM,2022-02-13 14:55:57,23.6333,94.4167,60.21,46,0,0.83
230,Kemise,ET,2022-02-13 14:55:57,10.7167,39.8667,75.96,43,98,9.37
231,Saint-Augustin,CA,2022-02-13 14:55:58,51.226,-58.6502,2.5,78,10,16.75
232,Almaznyy,RU,2022-02-13 14:55:58,48.0448,40.045,35.74,84,2,5.37
233,Galle,LK,2022-02-13 14:55:58,6.0367,80.217,76.12,87,100,9.84
234,Mehamn,NO,2022-02-13 14:55:59,71.0357,27.8492,17.42,80,95,13.82
235,La Asuncion,VE,2022-02-13 14:55:59,11.0333,-63.8628,78.53,78,9,11.5
236,Katsuura,JP,2022-02-13 14:55:59,35.1333,140.3,38.1,98,100,30.91
237,Alihe,CN,2022-02-13 14:56:00,50.5667,123.7167,-2.06,98,97,2.37
238,Qaanaaq,GL,2022-02-13 14:56:00,77.484,-69.3632,-0.8,96,100,2.68
239,Tura,IN,2022-02-13 14:56:00,25.5198,90.2201,57.29,66,0,4.12
240,Souillac,MU,2022-02-13 14:52:16,-20.5167,57.5167,82.78,78,40,6.91
241,Baracoa,CU,2022-02-13 14:56:01,20.3467,-74.4958,80.92,65,44,7.05
242,Carnarvon,AU,2022-02-13 14:56:01,-24.8667,113.6333,80.67,89,33,6.91
243,San Patricio,US,2022-02-13 14:52:14,28.017,-97.5169,45.88,33,0,10.78
244,Kabinda,CD,2022-02-13 14:56:01,-6.1333,24.4833,70.23,90,100,3.94
245,Beira,MZ,2022-02-13 14:56:02,-19.8436,34.8389,82.99,63,12,9.71
246,Markapur,IN,2022-02-13 14:56:02,15.7333,79.2833,74.37,58,5,7.49
247,Karratha,AU,2022-02-13 14:56:02,-20.7377,116.8463,87.33,63,3,9.75
248,Henties Bay,NA,2022-02-13 14:56:03,-22.116,14.2845,74.05,75,14,9.37
249,Halifax,CA,2022-02-13 14:53:51,44.6453,-63.5724,37.4,65,100,6.91
250,Ouadda,CF,2022-02-13 14:56:03,8.0777,22.4007,95.67,11,89,8.41
251,Sibut,CF,2022-02-13 14:56:04,5.718,19.0739,101.43,11,53,5.26
252,Belaya Gora,RU,2022-02-13 14:56:04,68.5333,146.4167,-14.42,96,94,6.44
253,Adrar,MR,2022-02-13 14:56:04,20.5022,-10.0711,77.09,13,53,12.19
254,Norman Wells,CA,2022-02-13 14:56:04,65.282,-126.8329,-12.96,64,100,4.61
255,Roald,NO,2022-02-13 14:56:05,62.5833,6.1333,44.11,87,75,9.22
256,Kruisfontein,ZA,2022-02-13 14:51:49,-34.0033,24.7314,76.69,54,44,11.95
257,Dumai,ID,2022-02-13 14:56:05,1.6833,101.45,74.03,96,92,2.64
258,Hasaki,JP,2022-02-13 14:56:06,35.7333,140.8333,37.8,98,100,33.58
259,Huinan,CN,2022-02-13 14:56:06,42.6225,126.2614,9.3,89,100,5.01
260,Tiksi,RU,2022-02-13 14:56:06,71.6872,128.8694,-12.46,93,100,11.39
261,Aksay,RU,2022-02-13 14:56:06,47.26,39.87,41.25,43,0,5.99
262,Taos,US,2022-02-13 14:51:11,36.4072,-105.5731,26.26,74,0,9.22
263,Bengkulu,ID,2022-02-13 14:56:07,-3.8004,102.2655,77.92,86,100,3.56
264,Castro,BR,2022-02-13 14:56:07,-24.7911,-50.0119,78.78,55,4,3.2
265,Tiznit,MA,2022-02-13 14:56:08,29.5833,-9.5,68.16,33,2,13.56
266,Grand Gaube,MU,2022-02-13 14:56:08,-20.0064,57.6608,82.8,75,100,8.01
267,Rocha,UY,2022-02-13 14:56:08,-34.4833,-54.3333,69.17,47,0,16.84
268,Port Hardy,CA,2022-02-13 14:52:10,50.6996,-127.4199,41.76,93,75,5.75
269,Los Llanos De Aridane,ES,2022-02-13 14:56:09,28.6585,-17.9182,66.13,69,20,11.5
270,Zhanaozen,KZ,2022-02-13 14:56:09,43.3,52.8,33.22,65,73,23.22
271,Te Anau,NZ,2022-02-13 14:56:09,-45.4167,167.7167,43.34,95,21,1.41
272,Shellbrook,CA,2022-02-13 14:56:10,53.2168,-106.4011,16.83,88,66,16.11
273,Kieta,PG,2022-02-13 14:57:15,-6.2167,155.6333,78.28,84,96,2.08
274,Huaidian,CN,2022-02-13 14:57:15,33.4333,115.0333,41.95,77,98,6.35
275,Santiago Del Estero,AR,2022-02-13 14:56:30,-27.7951,-64.2615,78.19,25,0,6.78
276,Palmer,US,2022-02-13 14:57:16,42.1584,-72.3287,31.03,73,100,3.44
277,Preobrazheniye,RU,2022-02-13 14:57:16,42.9019,133.9064,15.26,62,1,7.54
278,Cherskiy,RU,2022-02-13 14:57:16,68.75,161.3,-17.3,98,99,8.52
279,Chokurdakh,RU,2022-02-13 14:57:17,70.6333,147.9167,-2.34,96,100,11.52
280,San Policarpo,PH,2022-02-13 14:57:17,12.1791,125.5072,78.64,81,30,14.16
281,Ribeira Grande,PT,2022-02-13 14:57:17,38.5167,-28.7,63.0,55,40,10.36
282,Bontang,ID,2022-02-13 14:57:18,0.1333,117.5,79.43,77,100,4.72
283,Varzob,TJ,2022-02-13 14:57:18,38.7737,68.8178,44.33,74,11,8.99
284,Rehnan,IR,2022-02-13 14:57:18,32.6846,51.6013,49.51,28,0,1.74
285,Cayenne,GF,2022-02-13 14:57:19,4.9333,-52.3333,84.24,81,75,13.8
286,Susangerd,IR,2022-02-13 14:57:19,31.5608,48.1831,73.42,36,0,8.12
287,North Bend,US,2022-02-13 14:57:19,43.4065,-124.2243,41.86,100,75,4.61
288,Luderitz,NA,2022-02-13 14:57:20,-26.6481,15.1594,75.58,65,9,12.5
289,Santiago,CL,2022-02-13 14:53:22,-33.4569,-70.6483,79.29,37,0,5.75
290,Whitehorse,CA,2022-02-13 14:57:20,60.7161,-135.0538,14.77,92,75,2.3
291,Talcahuano,CL,2022-02-13 14:57:20,-36.7167,-73.1167,62.28,82,100,11.5
292,Sal Rei,CV,2022-02-13 14:57:21,16.1833,-22.9167,79.0,50,0,23.02
293,Canavieiras,BR,2022-02-13 14:57:21,-15.675,-38.9472,82.36,80,74,5.99
294,Pierre,US,2022-02-13 14:57:21,44.3683,-100.351,8.06,71,20,11.99
295,Yatou,CN,2022-02-13 14:57:22,37.15,122.3833,34.21,79,39,1.54
296,Provideniya,RU,2022-02-13 14:57:22,64.3833,-173.3,-12.15,93,15,3.83
297,Ninghai,CN,2022-02-13 14:57:22,29.2892,121.4247,45.73,93,100,4.41
298,Sabang,ID,2022-02-13 14:57:23,5.8933,95.3214,82.9,74,47,14.5
299,Roura,GF,2022-02-13 14:57:23,4.7263,-52.3274,84.11,74,75,13.8
300,Karauli,IN,2022-02-13 14:57:23,26.5,77.0167,64.06,32,0,6.51
301,Marawi,PH,2022-02-13 14:57:24,7.9986,124.2928,66.65,92,94,2.59
302,Neuquen,AR,2022-02-13 14:57:24,-38.9516,-68.0591,75.09,35,0,5.75
303,Gobabis,NA,2022-02-13 14:57:24,-22.45,18.9667,79.75,42,99,8.9
304,Ouallam,NE,2022-02-13 14:57:25,14.3188,2.0866,93.2,6,4,5.55
305,Vung Tau,VN,2022-02-13 14:52:55,10.346,107.0843,79.57,82,8,18.57
306,Korla,CN,2022-02-13 14:57:25,41.7597,86.1469,31.39,43,0,4.59
307,Pathein,MM,2022-02-13 14:57:25,16.7833,94.7333,66.79,70,76,7.96
308,Varhaug,NO,2022-02-13 14:57:26,58.6147,5.6457,44.89,95,100,13.58
309,Luangwa,ZM,2022-02-13 14:57:26,-15.6167,30.4167,84.25,65,99,1.99
310,Richards Bay,ZA,2022-02-13 14:57:26,-28.783,32.0377,87.93,56,7,13.44
311,Kaka,TM,2022-02-13 14:57:27,37.3482,59.6143,49.66,53,0,4.38
312,Sondershausen,DE,2022-02-13 14:57:27,51.3667,10.8667,49.12,68,14,12.19
313,Sussex,US,2022-02-13 14:57:27,41.1834,-74.6663,32.09,76,100,8.05
314,Melfort,CA,2022-02-13 14:57:27,52.8667,-104.6177,14.13,85,97,17.27
315,Arua,UG,2022-02-13 14:57:28,3.0201,30.9111,91.6,18,38,8.01
316,Lazaro Cardenas,MX,2022-02-13 14:57:28,17.9583,-102.2,79.86,38,73,2.93
317,Laurinburg,US,2022-02-13 14:57:28,34.7741,-79.4628,53.82,63,100,13.4
318,Tautira,PF,2022-02-13 14:57:29,-17.7333,-149.15,77.02,76,97,15.12
319,Townsville,AU,2022-02-13 14:57:29,-19.25,146.8,76.08,73,28,9.22
320,Marfino,RU,2022-02-13 14:57:29,55.7028,37.3822,31.95,68,75,15.66
321,Deputatskiy,RU,2022-02-13 14:58:35,69.3,139.9,-14.17,95,100,6.15
322,Hirado,JP,2022-02-13 14:58:35,33.3597,129.5531,49.39,72,100,18.1
323,Jibuti,DJ,2022-02-13 14:57:48,11.5,42.5,73.78,64,2,11.77
324,Xiongyue,CN,2022-02-13 14:58:35,40.1774,122.1228,21.47,92,100,10.22
325,Corner Brook,CA,2022-02-13 14:58:36,48.9667,-57.9484,26.76,89,100,11.59
326,Baculin,PH,2022-02-13 14:58:36,7.4525,126.5842,76.28,85,95,5.01
327,Guiratinga,BR,2022-02-13 14:58:36,-16.3494,-53.7583,81.73,70,36,5.39
328,Abu Kamal,SY,2022-02-13 14:58:37,34.4506,40.9171,62.42,26,0,6.6
329,Oranjemund,NA,2022-02-13 14:58:37,-28.55,16.4333,72.0,69,7,19.42
330,Bria,CF,2022-02-13 14:58:37,6.5423,21.9863,100.0,10,93,8.03
331,Bandarbeyla,SO,2022-02-13 14:58:38,9.4942,50.8122,76.32,67,19,17.09
332,La Rioja,ES,2022-02-13 14:54:22,42.25,-2.5,57.31,44,79,14.5
333,Yarmouth,US,2022-02-13 14:58:38,41.7057,-70.2286,35.11,87,99,3.0
334,Bilma,NE,2022-02-13 14:58:38,18.6853,12.9164,82.67,7,0,5.08
335,Altamira,BR,2022-02-13 14:58:39,-3.2033,-52.2064,77.09,83,100,2.3
336,Ipixuna,BR,2022-02-13 14:58:39,-1.7625,-48.8043,85.95,94,100,2.48
337,Kavaratti,IN,2022-02-13 14:58:39,10.5669,72.642,81.48,66,4,2.17
338,Mao,ES,2022-02-13 14:58:40,39.8885,4.2658,55.96,76,40,9.22
339,Ko Samui,TH,2022-02-13 14:58:40,9.5357,99.9357,82.78,75,17,13.58
340,Saldanha,ZA,2022-02-13 14:58:40,-33.0117,17.9442,84.25,78,32,26.89
341,Bodo,NO,2022-02-13 14:58:41,67.28,14.405,28.44,90,100,2.3
342,Cacador,BR,2022-02-13 14:58:41,-26.7753,-51.015,85.93,37,18,4.74
343,Lugovoy,KZ,2022-02-13 14:58:41,42.9472,72.7644,29.48,85,97,4.23
344,Arraial Do Cabo,BR,2022-02-13 14:58:42,-22.9661,-42.0278,82.36,78,40,9.22
345,Kamloops,CA,2022-02-13 14:58:42,50.6665,-120.3192,26.58,83,40,1.99
346,Ketchikan,US,2022-02-13 14:58:42,55.3422,-131.6461,37.87,100,100,3.44
347,Georgetown,MY,2022-02-13 14:57:25,5.4112,100.3354,83.95,89,40,3.44
348,Talnakh,RU,2022-02-13 14:58:43,69.4865,88.3972,-7.2,69,10,9.15
349,Lavrentiya,RU,2022-02-13 14:58:43,65.5833,-171.0,-19.08,93,16,3.8
350,Emba,KZ,2022-02-13 14:58:43,48.8264,58.1442,24.44,94,100,11.63
351,Alyangula,AU,2022-02-13 14:58:43,-13.8483,136.4192,76.87,100,75,0.0
352,Zunyi,CN,2022-02-13 14:58:44,27.6867,106.9072,39.06,87,53,1.95
353,Riyadh,SA,2022-02-13 14:56:25,24.6877,46.7219,66.34,23,0,11.81
354,Copiapo,CL,2022-02-13 14:58:44,-27.3667,-70.3333,67.69,48,11,5.84
355,Mogadishu,SO,2022-02-13 14:58:45,2.0371,45.3438,82.27,74,40,16.11
356,Ternate,ID,2022-02-13 14:58:45,0.8,127.4,80.24,76,98,2.37
357,Chimbote,PE,2022-02-13 14:58:45,-9.0853,-78.5783,75.63,68,17,6.51
358,Dezhou,CN,2022-02-13 14:58:45,37.4486,116.2925,31.35,91,100,7.78
359,Voznesenskoye,RU,2022-02-13 14:58:46,54.89,42.7569,29.5,91,92,10.13
360,Lompoc,US,2022-02-13 14:55:40,34.6391,-120.4579,64.53,40,0,8.05
361,Pontianak,ID,2022-02-13 14:58:46,-0.0333,109.3333,80.58,88,40,0.0
362,Aberchirder,GB,2022-02-13 14:58:47,57.5601,-2.6286,45.18,86,100,3.22
363,San Martin,AR,2022-02-13 14:58:47,-33.081,-68.4681,72.14,25,0,8.1
364,Nizhniy Tsasuchey,RU,2022-02-13 14:58:47,50.5167,115.1333,-19.05,98,20,4.23
365,Skjervoy,NO,2022-02-13 14:58:48,70.0311,20.9714,22.05,70,100,18.07
366,Tabuk,PH,2022-02-13 14:58:48,17.4189,121.4443,70.93,95,73,4.47
367,Mayya,RU,2022-02-13 14:58:48,61.7333,130.2811,-33.48,100,99,1.5
368,Barranca,PE,2022-02-13 14:58:49,-10.75,-77.7667,74.89,69,68,8.08
369,Butterworth,MY,2022-02-13 14:58:49,5.3991,100.3638,84.06,90,40,3.44
370,Wharton,US,2022-02-13 14:53:56,29.3116,-96.1027,40.03,62,0,9.22
371,Bozuyuk,TR,2022-02-13 14:59:54,39.9078,30.0367,40.26,88,100,5.39
372,Gumdag,TM,2022-02-13 14:59:55,39.2061,54.5906,50.92,53,87,14.58
373,Montrose,US,2022-02-13 14:59:55,38.4166,-108.2673,22.37,55,2,2.01
374,Ponta Delgada,PT,2022-02-13 14:59:55,37.7333,-25.6667,64.51,63,40,14.97
375,Shuangyang,CN,2022-02-13 14:59:56,43.5242,125.6736,4.96,79,100,10.96
376,Hami,CN,2022-02-13 14:59:56,42.8,93.45,28.65,52,100,5.77
377,Camaqua,BR,2022-02-13 14:59:56,-30.8511,-51.8122,65.79,93,100,5.61
378,Alvinopolis,BR,2022-02-13 14:59:57,-20.1067,-43.0489,80.42,63,82,2.15
379,Tuatapere,NZ,2022-02-13 14:59:57,-46.1333,167.6833,46.81,94,13,5.01
380,Geraldton,AU,2022-02-13 14:59:57,-28.7667,114.6,75.61,78,75,6.91
381,Saint George,US,2022-02-13 14:59:58,37.1041,-113.5841,54.36,27,0,3.38
382,Poum,NC,2022-02-13 14:59:58,-20.2333,164.0167,80.49,79,100,14.52
383,Petropavlovsk-Kamchatskiy,RU,2022-02-13 14:59:58,53.0452,158.6483,1.99,66,40,6.71
384,Praya,CV,2022-02-13 14:59:59,14.9215,-23.5087,81.14,50,40,20.71
385,Vanimo,PG,2022-02-13 14:59:59,-2.6741,141.3028,78.08,88,64,7.18
386,Khandagayty,RU,2022-02-13 14:59:59,50.7333,92.05,-25.06,93,52,3.74
387,Jaciara,BR,2022-02-13 15:00:00,-15.9653,-54.9683,84.24,70,96,2.1
388,Monteagudo,BO,2022-02-13 15:00:00,-19.8167,-63.9833,64.18,74,100,2.17
389,Sioux Lookout,CA,2022-02-13 14:59:18,50.1001,-91.917,-27.02,74,40,4.61
390,Vila Franca Do Campo,PT,2022-02-13 15:00:01,37.7167,-25.4333,64.2,71,100,7.27
391,Yeppoon,AU,2022-02-13 15:00:02,-23.1333,150.7333,73.18,77,46,18.59
392,Qasigiannguit,GL,2022-02-13 15:00:06,68.8193,-51.1922,8.13,89,100,4.25
393,Santa Maria Del Oro,MX,2022-02-13 15:00:20,25.9333,-105.3667,42.87,43,100,0.45
394,Wagar,SD,2022-02-13 15:00:22,16.1525,36.2032,86.99,22,27,16.71
395,Isangel,VU,2022-02-13 15:00:25,-19.55,169.2667,78.71,90,87,5.95
396,Tecoanapa,MX,2022-02-13 15:00:28,16.5167,-98.75,78.84,45,79,4.94
397,Male,MV,2022-02-13 15:00:30,4.1748,73.5089,81.82,75,100,13.58
398,Kloulklubed,PW,2022-02-13 15:00:35,7.0419,134.2556,81.1,78,100,19.53
399,Gorin,RU,2022-02-13 15:00:35,51.1983,136.6669,12.09,95,100,5.55
400,Burns Lake,CA,2022-02-13 15:00:37,54.2331,-125.7533,27.82,99,100,0.98
401,Genhe,CN,2022-02-13 15:00:39,50.7833,121.5167,-15.93,100,92,1.88
402,Great Yarmouth,GB,2022-02-13 15:00:40,52.6083,1.7305,47.95,79,100,29.06
403,Atar,MR,2022-02-13 15:00:41,20.5169,-13.0499,82.18,11,70,11.99
404,Lady Lake,US,2022-02-13 14:55:51,28.9175,-81.9229,63.14,92,100,1.99
405,Gunjur,GM,2022-02-13 15:00:42,13.2019,-16.7339,86.04,23,3,11.36
406,Bustamante,MX,2022-02-13 15:00:42,26.5333,-100.5,47.93,50,1,1.48
407,Burnie,AU,2022-02-13 15:00:43,-41.0667,145.9167,59.94,93,94,6.67
408,Kahone,SN,2022-02-13 15:00:44,14.15,-16.0333,94.53,7,17,14.74
409,Kidal,ML,2022-02-13 15:00:44,18.4411,1.4078,86.05,6,31,9.33
410,Charters Towers,AU,2022-02-13 15:00:45,-20.1,146.2667,71.19,76,20,7.43
411,Nueve De Julio,AR,2022-02-13 14:57:59,-35.4444,-60.8831,71.71,36,8,7.18
412,Roebourne,AU,2022-02-13 15:00:45,-20.7833,117.1333,87.8,61,3,9.64
413,Lakes Entrance,AU,2022-02-13 15:00:46,-37.8811,147.981,71.17,68,100,5.61
414,Quepos,CR,2022-02-13 14:57:11,9.4236,-84.1652,88.59,50,52,1.74
415,Marrakesh,MA,2022-02-13 14:57:41,31.6315,-8.0083,71.67,20,0,4.61
416,Kropotkin,RU,2022-02-13 15:01:51,45.4375,40.5756,36.66,63,6,5.44
417,Braniewo,PL,2022-02-13 15:01:52,54.3797,19.8196,38.21,63,54,18.39
418,La Ronge,CA,2022-02-13 15:01:52,55.1001,-105.2842,1.62,85,100,13.8
419,Zhigansk,RU,2022-02-13 15:01:52,66.7697,123.3711,-34.76,100,100,3.47
420,Cassilandia,BR,2022-02-13 15:01:53,-19.1133,-51.7342,85.19,59,90,4.92
421,Pemberton,CA,2022-02-13 15:01:53,50.3164,-122.8027,29.35,85,97,1.16
422,Muzhi,RU,2022-02-13 15:01:53,65.3667,64.6667,-14.69,100,88,3.31
423,Carrickfergus,GB,2022-02-13 15:01:54,54.7158,-5.8058,46.36,90,100,5.75
424,Dawlatabad,AF,2022-02-13 15:01:54,36.4141,64.9053,45.19,54,24,4.97
425,Naze,JP,2022-02-13 15:01:54,28.3667,129.4833,59.56,92,100,10.78
426,Lannion,FR,2022-02-13 15:01:54,48.75,-3.4167,52.05,93,100,20.71
427,La Grande,US,2022-02-13 14:59:58,45.3246,-118.0877,31.98,75,5,7.11
428,Koson,UZ,2022-02-13 15:01:55,39.0375,65.585,44.92,43,6,7.27
429,Saint Anthony,US,2022-02-13 15:01:55,45.0205,-93.218,-0.08,74,0,5.75
430,Cherdyn,RU,2022-02-13 15:01:56,60.403,56.4787,13.75,98,100,2.01
431,Catamarca,AR,2022-02-13 14:57:01,-28.4696,-65.7852,81.59,53,6,5.01
432,Flinders,AU,2022-02-13 15:01:56,-34.5833,150.8552,67.37,78,76,5.01
433,Oktyabrskiy,RU,2022-02-13 15:01:56,54.4815,53.471,16.68,96,100,5.68
434,Stourbridge,GB,2022-02-13 15:01:57,52.4561,-2.1432,50.63,97,100,5.99
435,Okha,RU,2022-02-13 15:01:57,53.5739,142.9478,-10.8,95,38,6.78
436,Gursu,TR,2022-02-13 15:01:57,40.2188,29.1949,47.86,80,100,4.92
437,Asau,RO,2022-02-13 15:01:58,46.4333,26.4,36.52,69,100,3.76
438,Coahuayana,MX,2022-02-13 15:01:58,18.7333,-103.6833,80.74,36,42,3.49
439,Ostrovnoy,RU,2022-02-13 15:01:58,68.0531,39.5131,8.19,84,9,10.96
440,Alofi,NU,2022-02-13 15:01:59,-19.0595,-169.9187,80.98,73,100,14.54
441,Caravelas,BR,2022-02-13 15:01:59,-17.7125,-39.2481,81.52,70,93,8.9
442,Ibra,OM,2022-02-13 15:01:59,22.6906,58.5334,74.8,29,3,12.91
443,San Cristobal,VE,2022-02-13 14:57:19,7.7669,-72.225,79.21,48,74,6.71
444,Iqaluit,CA,2022-02-13 15:02:00,63.7506,-68.5145,-20.31,75,100,1.7
445,Bone,DE,2022-02-13 15:02:00,51.9669,12.1396,51.26,61,19,11.5
446,Egvekinot,RU,2022-02-13 15:02:00,66.3167,-179.1667,-17.75,91,100,7.05
447,Ucluelet,CA,2022-02-13 15:00:47,48.9329,-125.5528,43.81,61,54,4.27
448,Galveston,US,2022-02-13 15:02:01,29.3669,-94.9669,43.18,49,0,8.01
449,Shelburne,CA,2022-02-13 15:00:46,44.0787,-80.2041,5.13,87,95,3.27
450,Shunyi,CN,2022-02-13 15:02:01,40.125,116.6453,19.35,93,40,2.24
451,Tromso,NO,2022-02-13 15:02:02,69.6496,18.957,23.38,68,0,12.66
452,Sirnak,TR,2022-02-13 15:02:02,37.5228,42.4594,35.49,65,76,6.44
453,Tsabong,BW,2022-02-13 15:02:02,-26.0217,22.401,91.63,15,9,1.05
454,Summerville,US,2022-02-13 15:02:03,33.0185,-80.1757,57.79,78,75,3.44
455,Jega,NG,2022-02-13 15:02:03,12.2175,4.3792,97.7,6,66,5.37
456,Singaraja,ID,2022-02-13 15:02:03,-8.112,115.0882,77.97,80,100,2.1
457,Venado Tuerto,AR,2022-02-13 15:00:05,-33.7456,-61.9688,74.79,22,0,3.06
458,Mecca,SA,2022-02-13 15:01:34,21.4267,39.8261,83.3,30,0,12.57
459,Banda Aceh,ID,2022-02-13 15:02:04,5.5577,95.3222,79.5,81,62,10.09
460,Kirakira,SB,2022-02-13 15:02:04,-10.4544,161.9205,78.87,84,86,6.91
461,Vila Velha,BR,2022-02-13 15:02:04,-20.3297,-40.2925,80.96,73,22,9.1
462,Chara,RU,2022-02-13 15:02:05,56.9064,118.2631,-25.82,83,19,0.96
463,Mosta,MT,2022-02-13 15:03:10,35.9092,14.4256,58.44,72,40,3.44
464,Papar,MY,2022-02-13 15:03:10,5.7333,115.9333,78.8,89,94,3.04
465,Tateyama,JP,2022-02-13 15:03:11,34.9833,139.8667,38.01,97,100,29.93
466,Kasongo-Lunda,CD,2022-02-13 15:03:11,-6.4667,16.8167,84.87,61,71,4.59
467,Graaff-Reinet,ZA,2022-02-13 15:03:11,-32.2522,24.5308,85.93,35,46,15.1
468,Doume,CM,2022-02-13 15:03:12,4.2333,13.45,96.06,11,98,4.14
469,Keroka,KE,2022-02-13 15:03:12,-0.7758,34.9453,66.13,61,100,4.38
470,Kalmar,SE,2022-02-13 15:03:12,56.6616,16.3616,41.14,81,0,12.66
471,Itarema,BR,2022-02-13 15:03:13,-2.9248,-39.9167,86.59,61,86,14.7
472,San Quintin,MX,2022-02-13 15:03:13,30.4833,-115.95,63.86,26,47,3.31
473,Nushki,PK,2022-02-13 15:03:13,29.5542,66.0215,59.0,28,58,4.81
474,Kyren,RU,2022-02-13 15:03:14,51.6828,102.1408,-5.55,97,100,0.94
475,Noumea,NC,2022-02-13 15:01:05,-22.2763,166.4572,81.0,99,98,5.66
476,Havre-Saint-Pierre,CA,2022-02-13 15:03:14,50.2334,-63.5986,-0.42,67,4,8.39
477,Matsuura,JP,2022-02-13 15:03:15,33.3271,129.721,48.92,80,100,11.39
478,Fort Nelson,CA,2022-02-13 15:03:15,58.8053,-122.7002,-10.57,100,11,0.89
479,Taikang,CN,2022-02-13 15:03:15,46.8333,124.4167,-9.27,100,17,5.12
480,Alugan,PH,2022-02-13 15:03:16,12.2188,125.4808,77.97,82,34,13.18
481,Raga,SS,2022-02-13 15:03:16,8.4596,25.678,92.71,9,12,8.84
482,Bowling Green,US,2022-02-13 15:02:55,36.9903,-86.4436,26.65,64,0,3.44
483,Wellington,NZ,2022-02-13 15:01:47,-41.2866,174.7756,54.77,97,75,27.63
484,Yumen,CN,2022-02-13 15:03:16,40.2833,97.2,25.74,52,100,2.53
485,Matamoros,MX,2022-02-13 15:03:17,25.5333,-103.25,44.71,52,40,5.75
486,Marsh Harbour,BS,2022-02-13 15:03:17,26.5412,-77.0636,75.81,80,100,18.1
487,Mahajanga,MG,2022-02-13 15:03:17,-15.7167,46.3167,82.4,72,6,9.13
488,Karaidel,RU,2022-02-13 15:03:18,55.8337,56.9069,18.19,96,100,6.64
489,Gladstone,AU,2022-02-13 15:03:18,-23.85,151.25,73.33,68,40,8.05
490,Port-Cartier,CA,2022-02-13 15:03:18,50.0334,-66.8654,-2.25,74,32,8.77
491,Havoysund,NO,2022-02-13 15:03:19,70.9963,24.6622,20.28,87,89,17.0
492,Carbonia,IT,2022-02-13 15:03:19,39.1672,8.5222,57.99,63,13,5.84
493,Inirida,CO,2022-02-13 15:00:44,3.8653,-67.9239,89.35,49,50,3.29
494,Araouane,ML,2022-02-13 15:03:20,18.9048,-3.5265,78.66,12,69,14.05
495,Darhan,MN,2022-02-13 15:03:20,49.4867,105.9228,-17.52,99,93,0.96
496,Ler,SS,2022-02-13 15:03:20,8.3018,30.1418,98.94,12,32,8.81
497,Bhuj,IN,2022-02-13 15:03:21,23.2667,69.6667,69.35,42,0,5.99
498,Dodola,ET,2022-02-13 15:03:21,6.9833,39.1833,69.3,23,28,9.35
499,Kilindoni,TZ,2022-02-13 15:03:21,-7.9139,39.6668,81.43,78,97,13.0
500,Helsinge,DK,2022-02-13 15:03:22,56.0228,12.1975,40.86,77,100,13.0
501,Sembakung,ID,2022-02-13 15:03:22,3.8167,117.25,78.73,99,89,1.43
502,Lakatoro,VU,2022-02-13 15:03:22,-16.0999,167.4164,79.9,82,100,6.38
503,Hualmay,PE,2022-02-13 15:03:23,-11.0964,-77.6139,75.43,70,32,8.25
504,Cedar City,US,2022-02-13 14:59:17,37.6775,-113.0619,36.82,30,0,2.62
505,Hovd,MN,2022-02-13 15:03:23,48.0056,91.6419,-10.23,84,100,2.51
506,Akdepe,TM,2022-02-13 15:04:29,42.0551,59.3788,44.6,59,57,8.37
507,Sibolga,ID,2022-02-13 15:04:29,1.7427,98.7792,77.27,88,88,3.2
508,Linxia,CN,2022-02-13 15:04:29,35.6003,103.2064,15.51,79,3,2.44
509,Lovozero,RU,2022-02-13 15:04:30,68.005,35.0117,10.15,71,83,7.74
510,Santa Cruz,BO,2022-02-13 15:04:16,-17.8,-63.1667,74.46,53,99,12.86
511,Vao,NC,2022-02-13 15:04:30,-22.6667,167.4833,78.78,87,100,6.67
512,Bosaso,SO,2022-02-13 15:02:56,11.2842,49.1816,76.32,66,44,7.09
513,Inhambane,MZ,2022-02-13 15:04:30,-23.865,35.3833,82.27,64,6,13.0
514,Filadelfia,US,2022-02-13 15:02:36,39.9523,-75.1638,35.11,91,100,6.91
515,Berlevag,NO,2022-02-13 15:04:31,70.8578,29.0864,15.6,78,99,15.95
516,Onega,RU,2022-02-13 15:04:31,63.9061,38.1404,10.47,94,72,7.23
517,Grindavik,IS,2022-02-13 15:04:31,63.8424,-22.4338,30.67,86,100,6.91
518,Oranjestad,AW,2022-02-13 15:04:32,12.524,-70.027,78.66,80,31,19.82
519,Fairbanks,US,2022-02-13 15:04:32,64.8378,-147.7164,12.22,82,100,3.44
520,Santa Vitoria Do Palmar,BR,2022-02-13 15:04:32,-33.5189,-53.3681,71.89,42,0,13.85
521,Fuerte Olimpo,PY,2022-02-13 15:04:33,-21.0415,-57.8738,94.06,33,19,5.7
522,Sulangan,PH,2022-02-13 15:04:33,11.1373,123.7228,79.74,82,100,15.12
523,Northam,GB,2022-02-13 15:04:33,51.0333,-4.2167,53.38,95,100,19.91
524,Green River,US,2022-02-13 15:04:34,41.5286,-109.4662,27.0,45,2,4.88
525,Taltal,CL,2022-02-13 15:01:20,-25.4,-70.4833,72.45,64,0,8.32
526,Orcopampa,PE,2022-02-13 15:04:34,-15.2661,-72.3417,47.01,81,94,1.61
527,Sola,VU,2022-02-13 15:04:35,-13.8833,167.55,81.99,76,97,15.99
528,Kindu,CD,2022-02-13 15:04:35,-2.95,25.95,79.21,83,60,3.4
529,Ola,RU,2022-02-13 15:04:35,59.5833,151.2833,-9.98,81,45,8.77
530,Megion,RU,2022-02-13 15:04:36,61.0296,76.1136,-4.99,100,93,9.95
531,Huarmey,PE,2022-02-13 15:04:36,-10.0681,-78.1522,75.76,71,38,7.87
532,Inyonga,TZ,2022-02-13 15:04:37,-6.7167,32.0667,73.81,85,95,2.91
533,Shizunai,JP,2022-02-13 15:04:37,42.3339,142.3669,22.1,90,87,3.98
534,Port Augusta,AU,2022-02-13 15:04:37,-32.5,137.7667,76.35,55,98,10.54
535,Borgo San Lorenzo,IT,2022-02-13 15:04:38,43.9553,11.3835,56.17,48,100,2.42
536,Kudahuvadhoo,MV,2022-02-13 15:04:38,2.6708,72.8944,81.68,74,76,9.24
537,Lata,PT,2022-02-13 15:04:38,40.1629,-8.3327,55.92,90,100,8.88
538,Phalaborwa,ZA,2022-02-13 15:04:39,-23.943,31.1411,92.97,24,0,9.53
539,Teahupoo,PF,2022-02-13 15:04:39,-17.8333,-149.2667,71.56,76,98,14.81
540,Loksa,EE,2022-02-13 15:04:39,59.5764,25.7214,34.93,91,100,22.55
541,Solnechnyy,RU,2022-02-13 15:04:40,50.7214,136.6319,11.23,95,100,5.08
542,Tabou,CI,2022-02-13 15:04:40,4.423,-7.3528,82.4,68,90,6.29
543,Jian,CN,2022-02-13 15:04:40,27.1172,114.9793,42.69,93,96,4.54
544,Sinnamary,GF,2022-02-13 15:04:41,5.3833,-52.95,79.66,85,35,10.71
545,Zilupe,LV,2022-02-13 15:04:41,56.3862,28.1217,30.83,73,100,12.41
546,Beringovskiy,RU,2022-02-13 15:04:41,63.05,179.3167,-27.62,97,13,4.32
547,Postoloprty,CZ,2022-02-13 15:04:42,50.3598,13.7029,50.68,54,11,6.33
548,Komsomolskiy,UZ,2022-02-13 15:04:42,40.4272,71.7189,41.72,81,75,2.3
549,Orlik,RU,2022-02-13 15:04:42,52.5178,99.825,-12.57,99,100,1.54
550,Gambela,ET,2022-02-13 15:04:43,8.25,34.5833,96.98,21,99,6.33
551,Shiraoi,JP,2022-02-13 15:05:48,42.55,141.35,23.18,85,32,5.57
552,Bulungu,CD,2022-02-13 15:05:48,-4.55,18.6,72.59,91,100,3.29
553,La Reforma,MX,2022-02-13 15:05:49,25.0833,-108.05,63.25,29,100,4.23
554,Cabedelo,BR,2022-02-13 15:01:14,-6.9811,-34.8339,84.63,65,2,11.56
555,Waingapu,ID,2022-02-13 15:05:49,-9.6567,120.2641,78.73,86,98,1.88
556,Ngunguru,NZ,2022-02-13 15:05:50,-35.6167,174.5,57.16,77,1,6.24
557,Tocopilla,CL,2022-02-13 15:05:50,-22.092,-70.1979,73.78,65,48,8.99
558,Port Hedland,AU,2022-02-13 15:05:50,-20.3167,118.5667,84.25,74,88,8.05
559,Palauig,PH,2022-02-13 15:05:51,15.435,119.9045,79.93,73,100,4.21
560,Placer,US,2022-02-13 15:05:51,39.0666,-120.7677,55.81,45,2,7.0
561,Baherden,TM,2022-02-13 15:05:51,38.4362,57.4316,51.4,52,5,8.68
562,Pa Sang,TH,2022-02-13 15:05:52,18.5262,98.9394,79.38,19,18,1.41
563,Sovetskiy,RU,2022-02-13 15:05:52,61.3614,63.5842,-10.19,100,57,3.06
564,Pokhara,NP,2022-02-13 15:05:52,28.2333,83.9833,53.02,77,52,3.89
565,Klaksvik,FO,2022-02-13 15:05:53,62.2266,-6.589,36.52,70,100,35.61
